locality_id;decimalLatitude;decimalLongitude;bio1;bio10;bio11;bio12;bio13;bio14;bio15;bio16;bio17;bio18;bio19;bio2;bio3;bio4;bio5;bio6;bio7;bio8;bio9;elev;ai
1;-13.343333;-44.636667;23.875;25.29999924;22.25;955;207;1;94.71292114;531;4;264;11;12.89999962;69.7297287;121.1216278;32.5;14;18.5;24.43333435;22.31666756;590;5528
2;-8.096620439;-43.66425649;26.61250114;28.08333397;25.66666603;894;155;2;84.38447571;438;11;181;29;12.35833359;72.69607544;101.7824249;35.40000153;18.39999962;17.00000191;26.06666756;26.03333282;261;5192
3;-13.25770761;-43.41979448;25.65972201;26.88333321;24.43333435;838.6666667;182;1;93.14181264;463.6666667;4;218.3333333;13;12.78611056;72.23790741;97.43524933;34.40000153;16.70000076;17.70000076;25.89999962;24.48333359;436.3333333;4519.666667
4;-13.183333;-43.4;25.60833359;26.85000038;24.43333435;811;179;1;94.407341;454;3;215;10;12.98333359;72.94007111;95.36611938;34.40000153;16.60000038;17.80000114;25.79999924;24.51666641;433;4346
5;-13.066667;-43.366667;25.60833359;26.91666603;24.41666603;807;174;1;93.45000458;451;5;215;11;13.13333321;72.96295929;98.36927795;34.5;16.5;18;25.83333206;24.51666641;429;4362
6;-15.80185133;-43.30911287;23.66666603;24.85000038;21.48333359;900;196;1;96.49485016;532;6;381;6;12.51666641;71.52380371;150.473999;31.70000076;14.19999981;17.5;24.63333321;21.48333359;536;5562
7;-12.18436363;-43.21960283;25.56093741;26.94166708;24.22500015;860.75;165.625;0;91.42851734;461.125;3.125;229;14.375;13.61979103;73.12654782;106.5683718;34.59999847;15.97499991;18.62499857;25.93958378;24.34166527;421.875;4661.375
8;-12.55;-43.166667;25.71249962;27.13333321;24.43333244;950;175;0;87.76380157;492;5;243;23;13.69166565;73.6111145;104.9702225;34.79999924;16.20000076;18.59999847;26.03333282;24.64999962;426;5138
9;-12.233333;-43.166667;25.21666718;26.63333321;23.88333321;875;162;1;89.95523834;462;5;227;17;13.53333282;72.75985718;107.4356613;34.29999924;15.69999981;18.59999847;25.58333206;24.04999924;495;4731
10;-11.089444;-43.141667;25.63750076;26.41666603;25.08333397;736;133;6;79.67930603;352;24;351;24;13.52499962;87.25804901;56.6538353;32.90000153;17.39999962;15.50000191;26.08333206;25.08333397;407;4052
11;-15.743333;-43.028333;23.13750076;24.43333435;20.83333397;914;203;1;98.19134521;552;6;377;6;12.6916666;71.70433044;158.9042664;31.20000076;13.5;17.70000076;24.18333244;20.83333397;565;5637
12;-15.7;-43.016667;22.58333397;23.86666679;20.25;907;203;1;97.78357697;544;6;375;6;12.64999962;70.6703949;159.6349945;30.79999924;12.89999962;17.89999962;23.64999962;20.25;666;5572
13;-8.111363288;-42.94457974;26.77083397;28.10000038;25.56666756;867;159;2;87.10813141;438;9;157;25;13.32499981;76.14286041;98.63748169;35.29999924;17.79999924;17.5;26.68333435;25.68333435;272;5046
14;-15.39614582;-42.86099438;23.53333282;24.64999962;21.45000076;837;188;1;96.40386963;495;5;349;5;12.23333359;72.38658905;141.8118591;31.29999924;14.39999962;16.89999962;24.46666718;21.45000076;552;5036
15;-15.33175064;-42.8239517;23.41250038;24.51666641;21.35000038;828;187;1;96.51823425;490;5;344;5;12.04166698;72.10578918;140.4073029;31.10000038;14.39999962;16.70000076;24.36666679;21.35000038;568;4983
16;-10.716667;-42.75;25.4375;26.20000076;23.98333359;682;126;1;91.96339417;363;4;136;4;13.77499962;76.95530701;96.8627243;33.79999924;15.89999962;17.89999962;26.04999924;23.98333359;460;3711
17;-10.8;-42.716667;25.72916603;26.56666565;24.23333359;668;127;1;92.18435669;353;4;140;4;13.60833263;75.60186005;100.3053894;34.09999847;16.10000038;17.99999809;26.33333206;24.23333359;401;3639
18;-14.4925;-42.687222;23.35833359;24.44999886;21.39999962;696;157;1;99.16472626;425;4;346;4;11.86666679;71.05788422;132.3362122;31.29999924;14.60000038;16.69999886;24.21666718;21.39999962;604;4094
19;-14.45;-42.683333;23.25416756;24.33333397;21.29999924;699;160;0;100.8638611;433;2;352;2;11.72500038;70.63253021;132.0030518;31.20000076;14.60000038;16.60000038;24.10000038;21.29999924;609;4107
20;-14.42777767;-42.68462933;22.84722201;23.9555556;20.8722229;747;168.6666667;1;99.77852886;457.6666667;3.333333333;374.3333333;3.333333333;11.64999962;70.32240041;133.4176992;30.76666641;14.20000013;16.56666628;23.71666654;20.8722229;676.3333333;4406.666667
21;-14.771389;-42.655;22.90833282;23.88333321;21.03333282;784;179;0;99.90227509;483;2;398;2;11.53333378;71.63561249;126.3622818;30.5;14.39999962;16.10000038;23.71666718;21.03333282;663;4655
22;-14.716667;-42.65;22.61249924;23.61666679;20.69999886;779;178;0;99.96425629;480;2;395;2;11.39166641;71.19791412;128.4368591;30.20000076;14.19999981;16;23.45000076;20.69999886;703;4650
23;-12.002569;-42.633;22.50833321;23.76666641;21.04999924;741;149;1;93.1372757;411;4;178;8;13.04999924;72.09944153;110.5735779;31.10000038;13;18.10000038;23.04999924;21.04999924;832;4264
24;-12.686944;-42.524167;25.07916641;26.39999962;23.63333321;723;140;1;88.38870239;381;6;195;12;13.60833263;73.55856323;109.8026657;34.09999847;15.60000038;18.49999809;25.58333206;23.71666718;482;3982
25;-14.0333327;-42.5;21.1875;22.23333359;19.36666679;871;182;6;89.88394165;499;23;413;24;10.99166679;70.45940399;124.0806885;28.79999924;13.19999981;15.59999943;22;20.03333282;896;5458
26;-14.069444;-42.475;21.60833359;22.64999962;19.73333359;858;178;5;90.80716705;495;21;409;21;11.05000019;70.382164;127.2940903;29.20000076;13.5;15.70000076;22.44999886;19.73333359;827;5348
27;-7.020553851;-42.12674445;26.66979146;28.00625038;25.58333325;967.75;192.75;1;92.00761414;540.375;14;125.875;39.25;11.91875005;74.31858158;99.02976417;34.90000153;18.86249948;16.03750205;26.45624995;25.76666641;177.75;5646.625
28;-7.013056;-42.075278;26.65416718;27.98333359;25.56666565;920;186;1;93.11965179;517;11;117;34;11.89166737;73.86127472;99.09727478;34.90000153;18.79999924;16.10000229;26.45000076;25.73333359;172;5270
29;-13.516667;-42;19.04583359;20.11666679;17.23333359;961;175;10;81.05635071;504;33;432;33;11.47500038;71.27329254;123.756691;26.79999924;10.69999981;16.09999847;19.88333321;17.23333359;1323;6092
30;-13.52692003;-41.96772511;16.83159654;17.88194481;14.99861161;1059.166667;177;24;68.29814403;510;77.16666667;444.8333333;77.16666667;10.97152822;71.20519638;123.7443918;24.23333406;8.825000207;15.40833386;17.71527863;14.99861161;1712.25;7145.833333
31;-13.53104865;-41.93672595;17.71562481;18.77916718;15.87916661;1064.5;175.25;24.75;66.81757546;506.75;80.5;439.75;82.5;11.20208335;71.23739052;124.759409;25.24999953;9.525000334;15.72499919;18.59999991;16.59999943;1549.75;7127.25
32;-13.52137468;-41.91624069;19.31666756;20.39999962;17.46666718;987;170;18;72.35203552;488;61;420;61;11.63333321;70.93495941;126.3892517;27.20000076;10.80000019;16.40000153;20.16666603;17.46666718;1260;6402
33;-13.29115408;-41.90444781;16.43333252;17.43611113;14.67222246;1114.166667;176.8333333;31;59.83139865;502.5833333;101.0833333;441.8333333;108;11.09722249;71.71143786;118.1602129;23.82499965;8.349999667;15.47499998;17.25555468;15.35416698;1755.083333;7734.583333
34;-13.27722195;-41.90593947;16.68598498;17.69545423;14.93727302;1122.109091;179.0727273;29.58181818;60.54868941;508;98.21818182;444.8363636;104.4363636;11.16469737;71.99663849;117.838735;24.12545492;8.618182199;15.50727272;17.52393934;15.61181849;1712.2;7775.254545
35;-13.25;-41.916667;16.70833397;17.73333359;14.96666718;1082;178;26;65.35126495;506;83;444;83;11.21666718;71.90171051;117.5088577;24.20000076;8.600000381;15.60000038;17.53333282;14.96666718;1720;7356
36;-13.53333075;-41.88333075;19.3125;20.38333321;17.43333244;971;166;18;70.57263947;474;64;411;66;11.47500038;70.83332825;127.6380844;27.10000038;10.89999962;16.20000076;20.16666603;18.18333435;1255;6310
37;-13.2905;-41.8995002;16.75499916;17.76333351;14.99333344;1116;178;30.4;60.46286011;505.8;99.2;443;105.8;11.16333351;71.74261474;118.4082352;24.19999962;8.639999771;15.55999985;17.56999931;15.68333358;1696.8;7699.8
38;-13.28351825;-41.89995371;18.35694392;19.36666616;16.59861072;1140.166667;185.6666667;27.08333333;63.57222335;528;89.25;451.5833333;94.25;11.52083285;72.08025933;119.1319663;26.04166698;10.05833371;15.98333327;19.14861186;17.31527789;1410.833333;7639.083333
39;-13.25;-41.9;17.44583321;18.45000076;15.71666718;1128;181;28;61.76127243;514;94;447;98;11.39166641;72.09915924;116.9393463;25;9.199999809;15.80000019;18.23333359;16.41666603;1586;7688
40;-13.014722;-41.893056;19.17499924;20.21666718;17.45000076;989;173;14;73.3515625;487;46;416;46;12.16666698;72.42063904;118.4079895;27.29999924;10.5;16.79999924;19.93333244;17.45000076;1296;6391
41;-13.49418447;-41.86857346;20.24583244;21.35000038;18.35000038;884;158;12;76.44352722;448;44;386;44;12.1916666;71.71569061;129.201355;28.39999962;11.39999962;17;21.11666679;18.35000038;1090;5592
42;-13.0854165;-41.85249975;18.88020897;19.94999981;17.08333302;1084;177.5;23.25;63.59738254;499.25;79.75;427.25;84.75;12.4645834;72.57397461;122.860218;27.12500048;9.950000048;17.17500019;19.69999981;17.84583283;1344.25;7084.75
43;-11.304167;-41.855833;22.96249962;24.08333397;21.14999962;614;112;1;91.79408264;325;6;251;6;12.32499981;74.24699402;122.3468399;30.79999924;14.19999981;16.59999847;23.91666794;21.14999962;732;3514
44;-13.59798681;-41.82889681;20.94166565;22.01666641;19.10000038;807;149;11;75.71285248;407;43;352;43;11.71666622;71.44309235;126.5420151;28.79999924;12.39999962;16.39999962;21.78333282;19.10000038;1004;4998
45;-13.5;-41.83333;20.20833397;21.29999924;18.31666756;873;155;13;73.46446991;434;52;377;52;11.94999981;71.55688477;129.1199799;28.20000076;11.5;16.70000076;21.06666565;18.31666756;1089;5560
46;-13.283333;-41.833333;20.89583397;21.93333435;19.10000038;878;150;10;75.66268158;437;38;371;38;12.15833282;72.37103271;122.6684036;29;12.19999981;16.79999924;21.66666603;19.10000038;973;5517
47;-13.583333;-41.8;20.06666565;21.13333321;18.18333435;868;154;15;71.33770752;425;57;373;58;11.54999924;71.2963028;127.748558;27.79999924;11.60000038;16.19999886;20.91666603;18.95000076;1123;5566
48;-13.1504165;-41.76375;18.97708321;20.01666641;17.20833397;1112.5;169;31.5;53.91980935;474.5;107.5;411;124.5;11.80416679;72.19510269;120.3777848;26.84999943;10.5;16.35000038;19.77500057;17.93333244;1316;7358.5
49;-12.418611;-41.770278;21.69166756;22.73333359;19.81666565;717;120;6;74.63601685;352;35;275;35;12.13333321;72.65468597;126.1642914;29.70000076;13;16.70000076;22.51666641;19.81666565;811;4534
50;-12.25586994;-41.76357443;20.59166718;21.66666603;18.64999962;719;114;10;64.58177948;329;49;266;60;11.73333359;71.98364258;129.6118774;28.39999962;12.10000038;16.29999924;21.48333359;19.31666756;987;4636
51;-12.25489139;-41.7615535;20.59166718;21.66666603;18.64999962;719;114;10;64.58177948;329;49;266;60;11.73333359;71.98364258;129.6118774;28.39999962;12.10000038;16.29999924;21.48333359;19.31666756;987;4636
52;-11.684722;-41.768889;22.61666679;23.76666641;20.64999962;557;106;1;89.54103851;297;9;239;9;12.46666718;72.90447998;133.2348022;30.70000076;13.60000038;17.10000038;23.60000038;20.64999962;703;3343
53;-13.151389;-41.751944;17.51250076;18.53333282;15.71666622;1124;170;35;53.08192062;478;115;422;129;11.3083334;72.02760315;120.7951965;25;9.300000191;15.69999981;18.36666679;16.39999962;1567;7703
54;-12.24126739;-41.74415308;21.64583397;22.70000076;19.70000076;686;112;5;72.14239502;330;37;259;39;11.77499962;71.79878235;130.3223114;29.5;13.10000038;16.39999962;22.51666641;20.36666679;799;4322
55;-12.563333;-41.700556;21.16250038;22.25;19.31666565;678;112;6;73.75337219;330;32;265;34;12.1916666;72.56945038;125.7906876;29.29999924;12.5;16.79999924;22.03333282;20;918;4280
56;-12.72386345;-41.65229809;20.04886384;21.10606038;18.23636384;724.4545455;121.2727273;9.272727273;70.48604653;344.8181818;39.54545455;291.8181818;41.81818182;11.96136396;72.17514385;123.0405822;28.07272755;11.5;16.57272755;20.89848449;18.91969768;1086.909091;4709.818182
57;-12.43333257;-41.63333257;22.09583282;23.14999962;20.20000076;788;125;8;68.35469055;368;47;296;51;12.07499981;72.74095917;128.3365326;30.10000038;13.5;16.60000038;23;20.81666565;735;4943
58;-12.2;-41.61666467;21.79999987;22.92222214;19.77222188;727.6666667;116.6666667;5.666666667;67.68493144;335;43.66666667;261.3333333;53.33333333;11.97777748;71.72322337;136.742396;29.8333327;13.13333352;16.69999949;22.77222188;20.4111112;763.6666667;4578.333333
59;-12.088611;-41.637778;21.64166641;22.83333397;19.54999924;711;107;8;63.96602631;315;48;252;62;12.4333334;71.86898041;141.4829407;30;12.69999981;17.29999924;22.70000076;20.21666718;829;4439
60;-13.30890175;-41.58952575;22.8125;23.79999924;20.98333359;715;135;5;78.072258;356;24;315;24;12.09166622;72.841362;123.713829;30.70000076;14.10000038;16.60000038;23.63333321;20.98333359;612;4402
61;-12.35760653;-41.60538639;22.19166679;23.28166637;20.20833397;782.4;123;7.9;67.44415436;362;49.5;290.9;53.6;12.11833353;72.5213562;134.2904328;30.22000065;13.51000004;16.71000061;23.14833317;20.85833378;717.4;4877.4
62;-12.333611;-41.606944;22.30416679;23.41666603;20.29999924;775;122;7;68.66105652;361;45;289;51;12.24166679;72.43589783;135.6040039;30.5;13.60000038;16.89999962;23.26666641;20.95000076;705;4808
63;-12.769793;-41.539021;20.34166718;21.36666679;18.48333359;804;133;11;67.10723877;370;48;319;54;11.8166666;73.39543915;125.1877441;28.10000038;12;16.10000038;21.23333359;19.10000038;1012;5243
64;-12.353056;-41.544722;22.35833359;23.45000076;20.33333206;820;128;9;65.17087555;371;53;302;61;11.94999981;72.42424774;136.8614807;30.29999924;13.80000019;16.5;23.35000038;20.93333244;674;5137
65;-12.437778;-41.522222;21.19166756;22.28333282;19.20000076;839;124;15;57.92977524;359;69;312;81;11.48333359;73.14225006;133.9747772;28.70000076;13;15.70000076;22.14999962;19.76666641;848;5399
66;-12.603333;-41.5;20.48333359;21.53333282;18.54999924;842;128;15;58.70177841;362;67;306;79;11.33333302;74.07406616;129.4452209;27.70000076;12.39999962;15.30000114;21.43333435;19.10000038;942;5573
67;-12.46380121;-41.47649142;20.25833321;21.36666679;18.26666641;891;126;22;49.41574478;355;91;306;112;11.16666698;73.46491241;133.4308319;27.39999962;12.19999981;15.19999981;21.23333359;18.79999924;990;5877
68;-12.58395398;-41.45017181;18.75;19.79999924;16.81666565;972;132;30;42.89935684;370;120;315;149;10.83333302;73.19819641;129.1757355;25.70000076;10.89999962;14.80000114;19.70000076;17.36666679;1236;6737
69;-12.4611345;-41.46625042;20.58541743;21.72222296;18.59860992;898.3333333;127.25;21.91666667;50.0046533;359.6666667;91;311.5833333;111.9166667;11.19583313;73.65679232;133.4355812;27.71666733;12.51666665;15.20000068;21.5694437;19.13194449;925.0833333;5909.916667
70;-11.693611;-41.468333;22.05416679;23.21666718;19.91666603;631;105;7;74.44390106;303;32;247;34;12.1916666;73.44377136;144.5126343;30;13.39999962;16.60000038;23.20000076;20.5;763;3833
71;-7.080986356;-41.46971048;26.92749977;28.31666565;25.81333237;777.8;182.4;1;99.99603122;456.8;8.2;162.6;34.2;11.86499996;75.19028015;103.0185349;35.07999878;19.29999924;15.77999954;26.8300003;26.56666718;206.6;4324.4
72;-12.57;-41.44;20.44583321;21.53333282;18.48333359;921;133;23;51.63404846;374;92;321;109;11.04166698;74.10514832;131.2433167;27.39999962;12.5;14.89999962;21.41666603;19;927;6184
73;-12.46213595;-41.41707913;21.46203656;22.66296302;19.42777761;924.8888889;134.4444444;18.88888889;53.44405407;380.2222222;85.77777778;333.1111111;103.8888889;11.22222265;73.83041128;137.1740638;28.5444444;13.34444459;15.19999981;22.47963058;19.92592579;765.1111111;6036.333333
74;-11.00691508;-41.43462218;23.03750038;24.23333359;20.89999962;520;95;1;87.92171478;271;5;244;5;11.65833282;72.86458588;144.2555237;30.5;14.5;16;24.16666603;20.89999962;612;3074
75;-12.56252316;-41.39008792;23.5419193;24.82323196;21.55959592;1189.272727;170.2727273;29.63636364;52.02163199;475;112.030303;432.4545455;135.8484848;11.3085858;75.92749093;135.4879067;30.42121217;15.52727306;14.89393911;24.5419193;21.99292836;405.7272727;7457.212121
76;-12.5376307;-41.41359787;21.97083282;23.18333435;19.96666718;984;145;20;54.92659378;408;88;357;105;11.22500038;74.33774567;135.1843567;29;13.89999962;15.10000038;22.96666718;20.45000076;672;6402
77;-12.47255793;-41.38672128;22.22500038;23.46666718;20.16666603;972;144;20;54.35200119;402;87;354;106;11.21666622;74.28255463;138.9489899;29.20000076;14.10000038;15.10000038;23.25;20.64999962;638;6242
78;-13.005796;-41.37705553;19.96555633;20.99888916;18.06666591;1008.133333;165.2666667;20.86666667;60.08594106;437.4;81.66666667;355.3333333;90.53333333;11.40222276;74.0404007;126.8658005;27.21333402;11.81333351;15.40000051;20.9144441;18.61666705;1047.133333;6754.133333
79;-12.46944489;-41.38510682;22.22500038;23.46666718;20.16666603;972;144;20;54.35200119;402;87;354;106;11.21666622;74.28255463;138.9489899;29.20000076;14.10000038;15.10000038;23.25;20.64999962;638;6242
80;-11.40401174;-41.37083585;22.22916603;23.48333359;20.08333397;537;100;2;86.31741333;282;11;238;11;11.25833321;73.10606384;145.6249695;29.5;14.10000038;15.39999962;23.36666679;20.08333397;702;3255
81;-4.01873;-41.36353;26.51666641;27.63333321;25.56666565;1081;268;4;108.3058243;690;17;68;426;11.89999962;76.77419281;89.85678101;34.5;19;15.5;25.89999962;27.13333321;125;6064
82;-12.99771416;-41.34991917;20.62395859;21.7166667;18.70416641;976;164;18.25;63.05690956;432.25;71.5;351.5;77.25;11.45208312;74.36417771;128.9321709;27.84999991;12.45000005;15.39999986;21.57083368;19.23749971;924.25;6446.25
83;-12.95;-41.33;19.37083435;20.43333244;17.46666718;1028;158;30;52.5851326;423;104;350;119;11.0583334;73.72222137;127.8041382;26.39999962;11.39999962;15;20.31666565;17.98333359;1134;7025
84;-12.755556;-41.328611;23.96666718;25.16666603;22.01666641;1025;160;15;60.06516266;439;82;370;87;11.46666622;75.43859863;132.6193085;31;15.80000019;15.19999981;24.93333435;22.48333359;333;6341
85;-12.854167;-41.310278;23.81666565;24.98333359;21.91666603;988;157;14;61.20819855;427;78;353;79;11.51666641;75.76753998;129.0055389;30.89999962;15.69999981;15.19999981;24.75;22.38333321;366;6195
86;-11.514167;-41.304722;19.69583321;20.96666718;17.60000038;643;101;12;63.56754303;287;48;255;56;10.125;71.3028183;141.7176819;26.39999962;12.19999981;14.19999981;20.76666641;18.10000038;1062;4137
87;-13.684873;-41.28071137;17.54166603;18.73333359;15.53333378;1040;146;37;42.08697891;401;142;330;173;10.65000057;72.94520569;135.1906586;24.20000076;9.600000381;14.60000038;18.58333397;16.08333397;1426;7458
88;-11.5;-41.25;19.20833397;20.55000114;17.03333282;745;103;21;48.73035049;296;82;270;108;10.13333321;71.86761475;147.7072296;25.89999962;11.80000019;14.09999943;20.35000038;17.53333282;1120;5092
89;-11.471667;-41.231944;19.38333321;20.73333359;17.20000076;721;103;20;50.76454163;292;77;264;99;10.03333282;72.18225861;148.3137512;25.89999962;12;13.89999962;20.54999924;17.68333244;1083;4924
90;-11.59156636;-41.20777964;18.89880971;20.23809461;16.72619138;822.1428571;103.7142857;26;38.98040227;297.4285714;107.7142857;278.1428571;150.1428571;10.15238121;71.63999939;148.3173567;25.62857192;11.45714269;14.17142922;20.08333261;18.36428643;1175.571429;5654.285714
91;-11.553749;-41.203027;19.38750076;20.75;17.20000076;780;104;23;43.74183655;297;98;274;126;10.15833378;72.04491425;148.830658;26.10000038;12;14.10000038;20.56666565;17.70000076;1087;5296
92;-11.6071628;-41.16104094;19.33749962;20.75;17.10000038;834;106;27;38.40756226;301;111;280;154;10.15833282;71.53755188;153.6987152;26.10000038;11.89999962;14.20000076;20.54999924;18.76666641;1099;5625
93;-11.575;-41.1561135;19.77916718;21.21666718;17.54166603;796.5;105;23.5;41.87680244;297;101;277;137.5;10.1500001;71.98581315;153.9818802;26.5;12.39999962;14.10000038;21;19.19999981;1027.5;5323.5
94;-11.55010035;-41.15618034;19.9199068;21.34576746;17.69312238;800.031746;108.9047619;23;44.35515583;304.952381;98.93650794;283.1269841;130.1428571;10.11494716;71.27202546;153.4192648;26.69047691;12.49841269;14.19206422;21.14338596;19.34603216;1003.968254;5299.079365
95;-11.550556;-41.155556;19.92499924;21.35000038;17.70000076;800;109;23;44.35437775;305;99;283;130;10.11666679;71.244133;153.3489685;26.70000076;12.5;14.20000076;21.14999962;19.35000038;1003;5299
96;-11.65;-41.116667;19.64999962;21.08333206;17.38333321;832;104;27;36.4377327;293;110;272;162;10.26666641;71.79486847;155.4758148;26.5;12.19999981;14.30000019;20.88333321;19.08333397;1025;5621
97;-11.57080932;-41.12514512;20.25;21.71666718;17.95000076;764;105;21;44.766922;292;93;269;126;10.39999962;71.72413635;158.5445251;27.20000076;12.69999981;14.50000095;21.5;19.66666603;945;5068
98;-14.53;-41.08;22.95000076;24.35000038;20.76666641;638;135;5;85.77198029;344;18;252;18;10.41666698;70.38288116;151.0418549;29.60000038;14.80000019;14.80000019;24.06666565;20.76666641;467;4140
99;-11.33;-41.092222;20.76250076;22.20000076;18.45000076;624;98;17;59.94160843;272;56;236;66;10.79166698;71.94444275;158.331131;27.89999962;12.89999962;15;22.03333282;18.91666794;870;4029
100;-11.60829485;-41.04130788;19.87916756;21.39999962;17.51666641;827;102;27;35.10578537;285;111;264;171;10.17500019;71.15384674;162.5291443;26.79999924;12.5;14.29999924;21.13333321;19.21666718;960;5552
101;-11.45843118;-41.06539065;20.30416679;21.81666756;17.95000076;727;98;23;42.81938553;274;93;244;125;10.34166718;71.81713104;162.0109406;27.20000076;12.80000019;14.40000057;21.58333397;19.64999962;914;4793
102;-11.61498233;-41.02162871;20.04924219;21.5681813;17.6803027;825;101.2727273;27.72727273;34.80605282;282.5454545;110.4545455;260.8181818;171.6363636;10.21818161;71.45581471;162.8696067;27;12.70000007;14.29999993;21.30606027;19.39242398;928.4545455;5526.454545
103;-11.62710492;-40.99982361;20.26222178;21.79222132;17.87999967;827.8666667;102;28.13333333;34.84374186;282.4;109.5333333;260.6666667;170.5333333;10.2455555;71.21584574;163.9105673;27.27333273;12.88666636;14.38666636;21.5277771;19.59888903;885.5333333;5557.8
104;-11.62324639;-41.0080857;20.16250039;21.6833334;17.78333283;827.5;101.5;28;34.84162522;282.5;110;260.5;172.5;10.22499991;71.25501633;163.6781235;27.15000057;12.80000019;14.35000038;21.4250002;19.5;906.5;5549.5
105;-9.161944;-40.970833;25.92083359;27.10000038;24.14999962;528;122;1;91.83501434;283;7;136;12;13.14166737;78.22420502;121.4394379;34.20000076;17.39999962;16.80000114;26.43333435;24.66666794;405;2784
106;-8.496805;-40.938805;24.29166603;25.64999962;22.38333321;583;136;2;90.87421417;312;12;159;14;13.23333359;76.93798065;131.5093231;32.70000076;15.5;17.20000076;24.73333359;22.91666603;622;3185
107;-3.850331592;-40.91412242;21.61666679;22.5;20.77499961;1465.5;343.5;8;102.7314301;902;26.5;70.5;877;11.31666661;80.26072693;74.54764939;29.05000019;14.94999981;14.10000038;21.07499981;22.05833244;851.5;9137
108;-3.839420579;-40.91013423;22.07371785;22.948718;21.26282075;1408.923077;333.7692308;7;103.5860778;871.7692308;23;67.84615385;848.4615385;11.26666663;80.60969543;72.9737273;29.46153905;15.48461511;13.97692394;21.55000012;22.48846171;766.0769231;8758.076923
109;-3.7975;-40.905;21.60833359;22.51666641;20.75;1510;351;8;101.6095123;923;29;72;897;11.13333321;80.09592438;76.45062256;29;15.10000038;13.89999962;21.03333282;22.06666756;868;9561
110;-11.180556;-40.818333;22.17916679;23.61666679;19.88333321;566;100;10;71.97806549;262;31;237;40;11.32499981;73.06451416;158.3072052;29.70000076;14.19999981;15.50000095;23.48333359;20.36666679;712;3490
111;-11.05;-40.816667;22.25416565;23.70000076;19.95000076;521;95;8;75.41043091;246;25;226;31;11.50833321;73.30149078;158.4650574;29.79999924;14.10000038;15.69999886;23.54999924;20.41666603;712;3172
112;-9.455278;-40.823333;25.625;26.68333244;23.86666679;470;112;1;95.20448303;258;5;129;9;11.9333334;77.48917389;119.9905472;33.20000076;17.79999924;15.40000153;26.51666641;24.29999924;378;2512
113;-7.084722;-40.825556;26.08749962;27.51666641;24.96666718;641;167;2;103.7251892;397;12;105;36;11.10833359;75.05631256;103.9694977;33.79999924;19;14.79999924;25.58333397;25.13333321;377;3486
114;-3.1;-40.833333;27.84583282;28.76666641;26.96666718;1152;292;1;112.1167679;755;4;39;727;11.39166641;80.22299957;76.49892426;35.40000153;21.20000076;14.20000076;27.23333359;28.33333397;7;6121
115;-11.71033453;-40.78209074;20.98749924;22.56666565;18.54999924;892;111;34;29.89383888;274;126;274;206;10.45833302;71.14512634;168.3762665;28.29999924;13.60000038;14.69999886;22.56666565;20.28333282;770;5929
116;-11.737318;-40.744597;21.38333321;22.96666718;18.96666718;892;111;34;29.74341965;278;125;278;205;10.58333302;71.50901031;168.2710419;28.79999924;14;14.79999924;22.96666718;20.64999962;703;5930
117;-11.113889;-40.651667;22.375;23.86666679;20.08333397;685;102;16;54.08855438;269;69;266;92;10.5666666;71.88208008;158.9954376;29.70000076;15;14.70000076;23.79999924;20.5;645;4247
118;-11.0993322;-40.6518152;22.39999962;23.87833424;20.11500072;688.6;102.7;16.8;54.64012604;272.1;68;269.3;89.8;10.56999979;71.85615921;158.7712005;29.73999939;15.0300003;14.70999909;23.81166649;20.65000038;643.2;4259.5
119;-7.088056;-40.616389;25.88333321;27.35000038;24.75;641;169;1;105.5675659;404;9;97;38;10.88333321;74.54338074;105.3205719;33.5;18.89999962;14.60000038;25.35000038;25.56666565;428;3469
120;-11.730278;-40.555278;22.61666679;24.18333435;20.28333282;737;96;22;40.18693542;263;86;259;132;10.60000038;71.62162018;163.93367;30.10000038;15.30000019;14.80000019;24.10000038;21.96666718;527;4809
121;-12.40771899;-40.53564879;20.39105238;21.93210616;18.18456063;750.1473684;90.92631579;25;33.41428717;243.9263158;100;240;155.2210526;9.597544208;70.60856805;155.9174113;27.09263193;13.5;13.59263193;21.63333321;19.54754314;793.7052632;5251.031579
122;-11.39901399;-40.5399028;20.57375408;22.13917441;18.28613779;868.2850467;106.2850467;26.18691589;33.7644817;276.5514019;110.8785047;276.1401869;203.635514;9.760591984;69.62290673;160.4049984;27.63691601;13.61822438;14.01869162;22.08434541;19.76199336;869.5607477;5784.5
123;-11.38810813;-40.5321945;19.68115478;21.24596868;17.41488862;934.0864012;108.6341097;30.11495116;30.75734762;283.7370398;126.9797145;281.9571751;236.0803907;9.581968217;69.39943442;159.5459715;26.60307989;12.79579268;13.80728721;21.12295277;18.83880588;1007.619083;6365.048084
124;-11.34843755;-40.53142445;20.3189517;21.87473106;18.06344039;880.5483871;108.3548387;25.70967742;34.10902479;280.7419355;110.1935484;280.7419355;204.4516129;9.626074914;69.5904829;158.7838932;27.29032246;13.45806439;13.83225807;21.87473106;19.48494696;903.7419355;5901.935484
125;-11.37772865;-40.51914206;18.97083282;20.53333282;16.70000076;1000;109;35;28.06653023;293;145;288;268;9.441666603;69.42401886;159.8502045;25.70000076;12.10000038;13.60000038;20.25;18.10000038;1127;6958
126;-11.33292423;-40.50333935;21.53333282;23.06666565;19.30000114;838;108;24;36.91671371;284;101;284;177;9.866666794;70.47618866;156.9645538;28.60000038;14.60000038;14;23.06666565;20.78333282;729;5458
127;-11.17401099;-40.50930945;22.88333321;24.35000038;20.65833378;821.5;113;24.5;43.65742874;300.5;95.5;300.5;143;10.27499962;71.35157776;155.2207795;30.05000019;15.6500001;14.4000001;24.35000038;22.19166661;575;5048.5
128;-9.405798574;-40.5048204;25.90833282;27.06666565;24.10000038;510;114;2;90.20542145;274;8;207;14;11.40000057;75.00000763;126.0381165;33.59999847;18.39999962;15.19999886;26.86666679;24.54999924;363;2698
129;-12.31333299;-40.48079424;20.22790685;21.79941838;17.98217128;808.5116279;93.03488372;27.90697674;29.98422578;250.0348837;113.5813953;249.0697674;186;9.628488374;70.2570611;158.6848764;27.03488372;13.33023274;13.70465098;21.71899325;19.38062053;834.0232558;5720.790698
130;-12.30048353;-40.48643904;22.33423712;23.91258784;20.07960355;782.3636364;108.1608392;24.08391608;44.81199769;287.958042;93.74825175;285.4615385;123.6573427;9.964743714;70.79065005;160.5088102;29.39160876;15.31538468;14.07622409;23.86957993;21.44953371;460.4895105;5277.041958
131;-11.858889;-40.4725;22.19583321;23.83333397;19.85000038;962;104;32;29.10231972;310;135;310;224;10.10833359;70.19676208;165.796402;29.60000038;15.19999981;14.40000057;23.83333397;21.36666679;527;6400
132;-12.3;-40.466667;22.07083321;23.68333435;19.80000114;760;101;24;41.34052658;270;94;269;130;9.841666222;70.29761505;161.7582092;29.10000038;15.10000038;14;23.61666679;21.16666603;499;5133
133;-10.94777775;-40.4172225;23.24895811;24.6833334;21.02083349;914.25;125.25;27.5;44.00597668;328.5;100.25;328.5;155.5;10.44374967;72.15038109;155.1317902;30.5250001;16.05000019;14.47499991;24.6833334;22.55416632;511.75;5587
134;-10.64300833;-40.382075;20.69166756;22.25;18.38333321;877;102;25;35.17791367;287;104;273;199;10.21666718;71.44522858;162.7020874;27.79999924;13.5;14.29999924;21.91666603;19.79999924;912;5570
135;-9.359908844;-40.38398436;25.39999962;26.58333397;23.5;521;115;2;89.53005981;278;9;207;14;11.15000057;74.33332825;131.4084778;32.90000153;17.89999962;15.00000191;26.48333359;23.91666603;363;2815
136;-10.6530163;-40.37333782;20.83920968;22.38076958;18.53974352;897.3846154;103.4358974;26.69230769;34.58849305;293.3589744;108.1538462;277.8205128;205.974359;10.22200873;71.48257759;161.9774221;27.93333298;13.63333323;14.29999975;22.06239275;19.96538436;889.3333333;5691.74359
137;-10.646075;-40.37952361;20.69166756;22.25;18.38333321;877;102;25;35.17791367;287;104;273;199;10.21666718;71.44522858;162.7020874;27.79999924;13.5;14.29999924;21.91666603;19.79999924;912;5570
138;-7.074444;-40.376111;25.16250038;26.70000076;23.98333359;638;164;2;103.3631363;399;10;90;47;10.77500057;72.80405426;109.8578644;32.90000153;18.10000038;14.80000114;24.61666679;24.86666679;563;3460
139;-10.716667;-40.333333;23.61666679;25.10000038;21.29999924;813;108;23;41.99273682;290;90;285;142;10.75;72.14765167;161.9951324;31.10000038;16.20000076;14.89999962;24.78333282;22.86666679;450;4834
140;-10.45;-40.3;21.95000076;23.5;19.61666679;847;104;29;33.64598846;280;107;254;188;10.71666622;71.92394257;164.3305969;29.39999962;14.5;14.89999962;23.13333321;21.08333397;722;5149
141;-10.263889;-40.263889;21.00416565;22.61666679;18.58333397;694;96;19;42.88870621;251;73;242;128;10.84166622;71.79911041;170.2198944;28.5;13.39999962;15.10000038;22.60000038;20.11666679;862;4329
142;-13.9394;-40.1908;20.37916565;21.98333359;18.35000038;768;120;30;42.61490631;299;109;246;124;7.591666698;64.88603973;149.4909058;26;14.30000019;11.69999981;21.54999924;18.53333282;692;5671
143;-10.25803588;-40.19435074;22.11249924;23.71666718;19.70000076;731;105;19;44.77126694;267;76;267;133;10.875;72.01986694;169.8545532;29.60000038;14.5;15.10000038;23.71666718;21.21666718;667;4351
144;-8.149807206;-40.18233882;23.80833244;25.18333244;21.89999962;612;141;3;88.31319427;331;18;203;28;11.39999962;74.5098114;135.3922424;31.29999924;16;15.29999924;24.46666718;22.36666679;581;3465
145;-13.883333;-40.116667;22.80416679;24.38333321;20.81666565;717;108;26;42.60293961;277;101;221;113;7.375;64.69298553;146.8527222;28.29999924;16.89999962;11.39999962;23.95000076;20.98333359;287;5028
146;-13.86381803;-40.09366903;23.38750076;25;21.39999962;704;104;23;44.42466736;273;94;219;107;7.358333588;63.98550797;148.1265411;29;17.5;11.5;24.53333282;21.56666756;202;4852
147;-13.8575;-40.083611;23.30416679;24.89999962;21.29999924;754;108;27;42.08790207;285;105;235;119;7.391666889;64.27536774;148.8052216;28.89999962;17.39999962;11.5;24.46666718;21.46666718;223;5218
148;-7.2125;-40.046111;23.54166603;24.91666603;22.16666603;767;205;2;105.0631866;488;13;100;65;10.53333378;73.14815521;111.0452957;30.89999962;16.5;14.39999962;23.39999962;22.86666679;688;4286
149;-11.381111;-40.012778;23.48749924;25.16666603;21.10000038;684;97;17;46.40927887;261;69;261;113;10.74166679;71.13686371;170.5089264;31.20000076;16.10000038;15.10000038;25.16666603;22.64999962;413;4430
150;-9.897222;-39.897222;23.46249962;25.20000076;20.91666603;475;90;8;67.56671143;217;31;179;38;11.34166718;71.33123779;180.2413025;31.29999924;15.39999962;15.89999962;24.81666565;21.29999924;473;2730
151;-9.885166333;-39.88049967;23.50347296;25.22500007;20.95555592;448.8333333;89;7;69.97068405;207.3333333;27.83333333;200.3333333;34;11.36250003;71.08965556;179.5772832;31.38333289;15.39999962;15.98333327;24.85833327;21.34166686;462.1666667;2600.666667
152;-12.87;-39.858889;21.58333397;23.13333321;19.61666679;597;95;17;53.81298065;247;62;228;76;7.816666603;66.24294281;146.9126892;27.39999962;15.60000038;11.79999924;23.01666641;19.71666718;486;4295
153;-11.470556;-39.783889;23.99166679;25.71666718;21.61666679;577;77;14;46.68933105;222;55;222;100;10.75;71.19205475;170.6915588;31.70000076;16.60000038;15.10000038;25.71666718;23.04999924;301;3686
154;-12.158333;-39.737222;22.79583359;24.51666641;20.54999924;691;88;19;35.79430008;225;90;222;154;8.691666603;66.85897064;165.0131989;29.5;16.5;13;24.16666603;21.68333435;330;4819
155;-10.65405682;-39.67928266;24.11249924;25.89999962;21.56666756;584;89;15;43.44969177;213;63;213;109;11.59166718;71.55350494;181.9355927;32.29999924;16.10000038;16.19999886;25.89999962;23.13333321;331;3363
156;-8.088148333;-39.62444433;24.53749975;26.04444377;22.47777812;584.3333333;144;3;95.24954732;342;16;171;23;10.69722207;70.37646993;146.1947326;32.09999847;16.89999962;15.19999886;25.21111171;22.99444453;418;3243
157;-3.626407533;-39.5912964;21.09583282;21.86666679;20.31666756;1376;294;10;94.52201843;812;35;158;195;9.425000191;76.62602234;61.73471069;27.29999924;15;12.29999924;20.83333397;21.48333359;889;8817
158;-12.771944;-39.523333;23.07916641;24.66666603;21.10000038;655;87;28;35.141819;231;93;217;119;7.041666508;64.01515198;147.6244965;28.60000038;17.60000038;11;24.54999924;22;223;4702
159;-12.77;-39.524167;23.07916641;24.66666603;21.10000038;655;87;28;35.141819;231;93;217;119;7.041666508;64.01515198;147.6244965;28.60000038;17.60000038;11;24.54999924;22;223;4702
160;-9.874722;-39.481667;23.58333397;25.36666679;20.96666718;497;98;9;68.10988617;228;35;226;51;11.63333321;70.93495941;185.843689;31.79999924;15.39999962;16.39999962;25;22.53333282;439;2854
161;-9.866667;-39.466667;23.52083397;25.35000038;20.88333321;500;97;9;67.41422272;229;35;193;52;11.625;70.88414764;187.1734619;31.70000076;15.30000019;16.40000153;24.93333435;22.46666718;450;2876
162;-7.256389;-39.468611;21.82500076;23.04999924;20.39999962;1085;253;12;90.26309967;632;48;250;83;9.849999428;73.50746155;107.1426239;28.39999962;15;13.39999962;22.01666641;21.75;826;6447
163;-7.231349;-39.47219433;22.3740743;23.57592561;21;1087.444444;254.6666667;10.44444444;92.98592377;643.3333333;44.88888889;260.7777778;71.11111111;9.805555662;74.03763326;105.2695634;28.90000046;15.6555553;13.24444516;22.51296319;21.70185174;746.7777778;6355.777778
164;-7.277683689;-39.4494584;22.19324035;23.42851885;20.77925996;1082.6;251.5555556;10.46666667;91.90561846;635.7111111;44.93333333;258.7333333;73.31111111;9.904629665;73.09133301;108.1340959;28.91333296;15.36222212;13.55111084;22.33592572;21.73703635;776.7555556;6347
165;-7.385472;-39.417847;21.11291714;22.41999989;19.53166618;1016;232.7;12;87.20995178;578.7;46;233;88;9.865833091;71.85563354;116.4897049;27.82999935;14.10000038;13.72999897;21.43666764;20.92999973;927.6;6152.4
166;-7.234167;-39.409444;24.87916565;26.20000076;23.54999924;1166;260;7;97.12773132;697;27;165;105;10.3083334;73.10875702;106.4821472;32.09999847;18;14.09999847;24.66666603;24.33333206;440;6235
167;-11.80679696;-39.38554527;23.93333244;25.64999962;21.63333321;538;62;19;31.64263344;170;67;162;115;9.699999809;68.79432678;167.8789063;31.10000038;17;14.10000038;25.36666679;22.83333397;215;3447
168;-7.366944;-39.376111;22.11249924;23.39999962;20.60000038;1037;244;9;92.93013;612;43;255;64;9.908333778;71.7995224;114.0000992;28.89999962;15.10000038;13.79999924;22.35000038;21.11666679;783;6113
169;-7.364107916;-39.32590929;22.54285054;23.8128069;21.0608771;1050.115789;247;8;94.6394259;625.4421053;39;267;56.55789474;9.845350798;72.09760485;112.6811718;29.29999924;15.64421065;13.65578859;22.72017589;21.61087634;724.2526316;6104.621053
170;-8.360555;-39.310805;24.95000076;26.58333206;22.51666641;554;147;3;101.3032837;345;16;69;28;10.53333282;66.24738312;170.2671661;32.59999847;16.70000076;15.89999771;25.73333359;24.58333206;354;3032
171;-7.365698978;-39.30354828;22.54260785;23.80913985;21.07598547;1059.064516;249.0107527;8;94.63329266;631.0322581;40;269.5268817;59.01075269;9.850089514;71.89846219;112.1278754;29.30107545;15.60107517;13.70000028;22.70931867;21.62616488;730.8817204;6150.709677
172;-7.397233203;-39.28010414;21.43259542;22.73016902;19.85559002;1039.962025;243.9873418;9.006329114;92.26636138;612.9556962;44.00632911;251.9556962;69.01898734;9.72025313;71.48247572;115.8539183;28.09683489;14.49873418;13.59810071;21.7478903;20.82510544;884.4050633;6238.873418
173;-12.430278;-39.251389;23.14166641;24.86666679;20.95000076;785;88;40;22.702631;245;135;187;207;8.149999619;65.72580719;163.6075287;29.5;17.10000038;12.39999962;22.68333435;21.95000076;238;5566
174;-8.133889;-39.233611;24.29583359;25.93333435;21.96666718;612;158;2;98.35932159;366;18;174;26;10.69166565;68.53631592;163.2825165;32;16.39999962;15.60000038;25.13333321;22.51666641;434;3430
175;-9.954028;-39.1491665;23.66666603;25.51666641;21.03333282;475;90;9;63.17607117;211;31;207;62;11.26666641;69.54733276;188.0804291;31.79999924;15.60000038;16.19999886;25.11666679;22.56666565;401;2753
176;-8.133333;-39.166667;24.25833321;25.88333321;21.91666603;609;159;2;99.31459808;365;17;175;24;10.6833334;68.92472839;164.2314606;31.89999962;16.39999962;15.5;25.13333321;22.46666718;430;3415
177;-8.074167;-39.169167;23.83333397;25.5;21.53333282;641;167;2;98.97861481;385;17;180;27;10.75;68.91025543;162.2194519;31.60000038;16;15.60000038;24.64999962;22.06666565;505;3603
178;-7.406075;-39.169722;22.32916641;23.68333435;20.75;1040;249;7;96.47119904;623;35;275;49;10.04166698;70.71596527;119.4201584;29.39999962;15.19999981;14.19999981;22.56666565;21.29999924;772;5994
179;-8.074167;-39.119167;24.29166603;25.91666603;22;639;166;2;99.01996613;381;19;186;27;10.78333282;69.56989288;161.2005157;32;16.5;15.5;25.14999962;22.53333282;424;3585
180;-4.418332;-39.044;21.31666756;22.10000038;20.29999924;1617;298;23;77.87919617;841;70;194;350;8.766666412;72.45178986;71.1698761;27.29999924;15.19999981;12.09999943;21.33333397;21.56666756;836;10358
181;-8.703889;-38.9825;24.96666718;26.61666679;22.41666603;458;121;4;96.52423096;263;14;140;24;11.11666679;69.47916412;177.7809448;33;17;16;26.08333397;24.21666718;316;2473
182;-4.20946069;-38.97423473;20.59895802;21.30833244;19.625;1659.5;310.75;32;75.5253086;848;100.75;396.5;314.25;8.697916508;72.4826374;67.66114426;26.39999962;14.39999962;12;20.66666603;20.79583263;935.5;11143.5
183;-4.265138856;-38.93202669;20.57916641;21.21666718;19.60000038;1711;307;30;73.7281723;861;96;382;372;8.324999809;72.39130402;67.7716217;26;14.5;11.5;20.85000038;20.64999962;861;11410
184;-4.22929127;-38.92732276;20.892361;21.54166635;19.91388925;1667.333333;304;27.33333333;75.37909699;852.5;88.16666667;374.8333333;351.8333333;8.387499969;72.93478012;67.2379837;26.31666692;14.81666676;11.50000016;21.14166673;20.97222201;818.8333333;11131.5
185;-4.313611;-38.906944;23.37916565;24.03333282;22.46666718;1381;279;14;85.37207794;764;49;162;254;8.391666412;74.92559814;63.0460968;28.89999962;17.70000076;11.19999886;23.48333359;23.53333282;478;8559
186;-4.236944;-38.916944;20.76666641;21.39999962;19.79999924;1696;307;28;74.6802597;860;91;379;366;8.300000191;72.80701447;66.9237442;26.10000038;14.69999981;11.40000057;21.04999924;20.81666756;830;11334
187;-6.401111;-38.862222;27.4375;28.73333359;26.21666718;840;231;6;104.3031845;530;24;55;149;10.72500038;76.06381989;104.7969055;34.90000153;20.79999924;14.10000229;27.01666641;27.88333321;157;4259
188;-4.328611;-38.884722;25.44583321;26.16666794;24.58333397;1079;241;8;93.52979279;631;28;127;158;8.491666794;75.8184433;62.32096863;31.10000038;19.89999962;11.20000076;25.38333321;25.70000076;199;6146
189;-3.891247089;-38.72268772;21.50416629;22.17777761;20.60555585;1720.666667;338;25.66666667;82.09385935;928.6666667;82;217;302;8.041666508;74.2326177;62.31632106;26.73333359;15.90000025;10.83333333;21.54999987;21.71666717;782.3333333;11665.66667
190;-3.891464381;-38.70490648;24.29027748;24.95555624;23.46666718;1456;312.3333333;15.66666667;90.63810221;832.3333333;51.66666667;178;220.6666667;7.636111101;76.38711294;58.59532547;29.20000013;19.20000076;9.999999365;24.25555547;24.54444504;329.6666667;9086
191;-3.891023726;-38.68504742;25.8958327;26.57592562;25.10925992;1329.666667;301.5555556;12.77777778;96.5239936;786.2222222;43.33333333;163.1111111;167.6666667;7.393518342;78.47030301;57.97434913;30.54444461;21.12222269;9.422221926;25.82407422;25.76296319;80.88888889;7617.777778
192;-9.756111;-38.631389;21.76666641;23.54999924;19.14999962;589;88;17;43.64086533;227;64;172;134;10.5;68.62744904;186.7586212;29.39999962;14.10000038;15.29999924;23.20000076;22.03333282;663;3729
193;-3.714167;-38.641389;26.41250038;27.08333397;25.66666794;1395;314;9;96.87050629;831;37;158;192;7.008333683;77.87036896;56.04887772;30.79999924;21.79999924;9;26.26666641;26.73333359;18;7869
194;-9.75;-38.61692338;21.75833321;23.53333282;19.14999962;587;87;17;43.24157333;225;63;171;137;10.5;68.62744904;186.1186371;29.39999962;14.10000038;15.29999924;23.18333435;22.03333282;664;3732
195;-3.98416996;-38.62030029;25.78750038;26.45000076;25;1339;303;13;94.72773743;779;43;160;185;7.341666698;78.10283661;57.09341049;30.39999962;21;9.399999619;25.91666794;26.06666565;80;7883
196;-8.42;-38.58;24.33749962;26.10000038;21.79999924;569;130;4;89.67263031;322;20;159;36;11.22500038;69.29012299;178.6200256;32.5;16.29999924;16.20000076;25.43333435;23.51666641;383;3189
197;-4.003611;-38.599722;25.94583321;26.64999962;25.11666679;1273;298;12;97.9379425;763;38;151;160;7.508333206;77.40549469;60.09303665;30.70000076;21;9.700000763;26.04999924;25.81666756;73;7125
198;-8.733333;-38.533333;24.77916718;26.48333359;22.36666679;459;118;3;94.69612885;257;13;149;26;11.40833378;70.42180634;172.4879303;33;16.79999924;16.20000076;26.25;23.91666603;341;2545
199;-3.717222;-38.543056;26.51250076;27.13333321;25.81666756;1544;340;13;93.09449768;895;48;177;233;7.241666317;79.57876587;51.7478447;30.79999924;21.70000076;9.099998474;26.38333321;26.81666565;22;8392
200;-9.810410297;-38.4925099;21.40416718;23.18333435;18.83333397;684;86;19;40.56806564;244;72;201;199;10.00833321;68.5502243;185.7840881;28.70000076;14.10000038;14.60000038;22.03333282;21.56666565;692;4412
201;-4.300278;-38.497778;26.54583359;27.23333359;25.78333282;899;241;5;106.9277267;571;17;99;93;8.658333778;79.43425751;57.10667038;31.89999962;21;10.89999962;26.63333321;26.83333206;44;5003
202;-3.833484466;-38.49358265;26.39999962;27.11666679;25.63333321;1552;341;14;93.23396301;898;55;173;226;7.216666222;77.59857178;58.11431503;30.89999962;21.60000038;9.299999237;26.25;26.75;31;8878
203;-10.075;-38.480833;23.54999924;25.29999924;21.04999924;631;79;21;38.4157753;225;73;180;179;10.19999981;68.45637512;179.671402;31;16.10000038;14.89999962;24.14999962;23.71666718;352;3770
204;-10.621667;-38.44275;23.30416679;25.08333397;20.91666603;768;97;25;39.51834869;283;99;196;234;10.1916666;68.86261749;174.9085388;30.89999962;16.10000038;14.79999924;22.75;23.31666756;339;4725
205;-9.716667;-38.316667;23.6875;25.43333435;21.13333321;620;89;14;45.31960678;242;61;203;152;10.20833397;68.51229858;183.6143036;31.20000076;16.29999924;14.90000153;24.16666794;24.01666641;389;3630
206;-7.935833;-38.302778;22.86249924;24.63333321;20.43333244;797;178;7;85.93084717;450;30;182;79;9.925000191;67.0608139;172.602066;30.29999924;15.5;14.79999924;23.88333321;22.03333282;623;4649
207;-9.216667;-38.266667;25.06666565;26.79999924;22.5;449;91;10;62.16110611;201;32;103;84;10.4333334;69.09490967;183.2203522;32.90000153;17.79999924;15.10000229;26.35000038;24.08333206;254;2521
208;-5.520833;-38.271667;27.54583359;28.5;26.58333206;798;219;2;109.364502;518;7;98;81;10.50833321;77.8394928;79.55726624;34.40000153;20.89999962;13.50000191;27.46666718;27.63333321;72;4143
209;-11.316667;-38.233333;24.39166641;26.08333397;22.26666641;831;115;33;37.96944046;311;118;194;250;9.833333969;69.73995209;162.520401;31.60000038;17.5;14.10000038;24.01666641;24.18333435;113;5308
210;-9.8;-38.25;24.01666641;25.76666641;21.45000076;606;84;13;43.25666046;231;62;189;160;10.11666679;68.82086945;184.3086548;31.39999962;16.70000076;14.69999886;24.51666641;24.33333397;340;3517
211;-9.833333;-38.216667;23.95000076;25.71666718;21.38333321;598;83;13;43.30983734;229;61;185;159;9.950000763;68.62068939;184.1071777;31.20000076;16.70000076;14.5;24.48333359;24.23333359;344;3511
212;-9.4;-38.2;25.39583397;27.06666756;23.01666641;527;85;10;52.43167114;213;42;114;125;10.375;69.63088226;172.6328125;33.09999847;18.20000076;14.89999771;25.66666794;25.88333321;227;2957
213;-9.39252759;-38.19697414;25.51666641;27.16666603;23.13333321;510;85;10;53.90836716;210;41;112;114;10.35000038;69.46308136;172.8942413;33.20000076;18.29999924;14.90000153;25.79999924;26;202;2856
214;-10.005769;-38.15980792;23.7394236;25.53846139;21.13205103;626.3076923;80.07692308;15.53846154;41.6320836;232.3076923;69.23076923;167.6923077;182.6153846;9.677564254;67.62761512;186.8285687;30.90769254;16.60000038;14.30769216;24.34743529;23.9576928;345.8461538;3727.846154
215;-7.820833;-38.152778;21.50833321;23.25;19.26666641;957;199;14;79.81111908;517;44;192;129;9.916666985;67.92237854;162.1423645;28.89999962;14.30000019;14.59999943;22.39999962;20.68333435;839;5751
216;-7.866835201;-38.12050037;21.49166679;23.26666641;19.20000076;997;196;16;73.97047424;513;53;194;162;9.666666985;66.66667175;165.7878418;28.79999924;14.30000019;14.49999905;22.39999962;20.68333244;849;6189
217;-10.73756227;-38.10707492;22.94583321;24.71666718;20.56666756;803;104;30;41.50551224;306;111;177;262;9.591667175;68.02600098;174.2836914;30.10000038;16;14.10000038;22.46666718;22.89999962;369;5148
218;-10.003;-38.0951;23.96666718;25.76666641;21.33333206;625;79;16;40.81248474;235;72;173;177;9.583333015;67.48825836;187.5237579;31.10000038;16.89999962;14.20000076;24.60000038;24.18333435;312;3832
219;-7.838056195;-38.10166864;20.54166603;22.31666565;18.46666718;1165;211;21;68.91382599;567;66;215;218;9.433333397;66.43193054;155.2978363;27.79999924;13.60000038;14.19999886;21.29999924;20.93333244;1015;7401
220;-8.65716;-38.03008;19.87916756;21.63333321;17.38333321;830;135;16;54.30941391;342;66;153;208;9.291666031;65.89834595;179.2466278;26.89999962;12.80000019;14.09999943;21.11666679;20.13333321;1020;5427
221;-7.822636097;-38.05539364;20.02083397;21.78333282;17.96666718;1207;214;22;67.09845734;574;69;209;247;9.325000763;66.13475037;152.8733521;27.20000076;13.10000038;14.10000038;20.71666718;20.45000076;1103;7665
222;-8.658629177;-38.01854413;20.91250038;22.68333435;18.29999924;713;131;12;59.78007507;317;53;201;155;9.391666412;66.1384964;186.8656006;28;13.80000019;14.19999981;22.28333282;21.16666603;822;4587
223;-8.901638731;-37.82388185;24.12916756;25.98333359;21.28333282;487;100;8;67.36166382;234;28;162;74;10.04166603;67.39373779;199.5159912;31.79999924;16.89999962;14.89999962;25.61666679;22.96666718;359;2895
224;-6.770278;-37.801667;26.8125;28.03333282;25.28333282;768;202;4;109.8191605;511;15;112;59;9.891666412;74.93687439;110.9488754;33.59999847;20.39999962;13.19999886;27.18333244;26.56666565;185;3995
225;-11.0687994;-37.72471684;24;25.64999962;21.95000076;1149;168;42;48.138237;474;150;208;409;9.149999619;68.28358459;155.4026947;30.89999962;17.5;13.39999962;22.58333397;25.21666718;172;7329
226;-10.863611;-37.628611;23.77499962;25.41666603;21.71666718;1186;189;44;55.5178833;529;137;203;439;8.366666794;66.40211487;155.292984;30.20000076;17.60000038;12.60000038;22.36666679;24.98333359;212;7549
227;-6.909722;-37.600833;26.34583282;27.54999924;24.79999924;828;226;4;114.1687698;570;14;118;53;9.608332634;75.06510925;110.771225;33.09999847;20.29999924;12.79999924;26.76666641;26.03333282;246;4354
228;-8.165055;-37.57425;22.95416641;24.63333321;20.43333244;646;142;10;82.27415466;362;32;195;82;9.508333206;67.43498993;177.1806946;30.20000076;16.10000038;14.10000038;24.16666794;22.03333282;521;3892
229;-10.02636408;-37.56046663;24.10000038;25.96666718;21.43333435;752;138;23;59.80348587;352;79;144;278;8.699999809;64.44444275;191.0735168;30.89999962;17.39999962;13.5;23.5;24.21666718;256;4603
230;-9.716389;-37.476667;25.93333244;27.73333359;23.23333359;525;78;12;51.74545288;216;56;134;156;8.666666031;64.67660522;190.0398712;32.70000076;19.29999924;13.40000153;26.60000038;26.16666603;36;2998
231;-10.685;-37.425278;24.15416718;25.75;22.08333397;1239;200;41;58.19010925;556;132;196;479;8.158332825;66.87158966;153.7036438;30.29999924;18.10000038;12.19999886;22.71666718;25.36666679;193;8178
232;-8.537583;-37.259889;20.74166679;22.38333321;18.64999962;847;133;19;55.47251511;352;70;124;238;9.600000381;69.56521606;158.1114655;28;14.19999981;13.80000019;21.01666641;20.98333359;906;5417
233;-9.602778;-37.248333;24.625;26.48333359;21.93333244;624;111;14;65.00789642;306;52;90;250;9.083333015;65.34771729;191.3766174;31.70000076;17.79999924;13.90000153;22.63333321;25.76666641;216;3848
234;-8.586559087;-37.24527983;21.46686445;23.12380899;19.32222248;782.1428571;128.6190476;18.52380952;55.89909454;330.047619;66.14285714;127.6666667;201.6666667;9.733730225;70.12257494;161.3783889;28.83333342;14.95238113;13.88095229;22.2309524;21.68809564;783.6666667;5037.952381
235;-8.5363611;-37.244889;20.70666695;22.35;18.64000015;861.8;134.4;19.2;55.56529541;354.2;71.6;124.4;248.8;9.543333053;69.8651062;156.4802277;27.9199997;14.26000023;13.65999947;20.98000069;20.93999939;911.4;5516.2
236;-6.926667;-37.095556;26.32916641;27.41666794;24.93333435;719;199;2;117.8111343;516;8;97;46;9.258333206;77.15276337;100.3054123;32.90000153;20.89999962;12.00000191;26.75;25.96666718;270;3788
237;-8.503611;-36.944722;22.60833359;24.23333359;20.58333397;680;125;16;64.69576263;315;51;108;153;9.783333778;70.89372253;153.6500244;30;16.20000076;13.79999924;23.43333244;22.88333321;614;4089
238;-6.99750025;-36.714792;22.73437548;23.97916603;20.95416642;486.5;128.25;1;110.2289334;335.25;9;140.5;49.75;9.006249666;73.22154808;124.2745571;29.19999933;16.9000001;12.29999924;23.60000086;22.9083333;608.5;2989.25
239;-6.945;-36.718333;23.3125;24.51666641;21.56666756;463;128;0;118.1733551;336;5;140;33;9.141666412;74.32250214;121.2083817;29.79999924;17.5;12.29999924;24.13333321;22.64999962;554;2730
240;-9.169765001;-36.67955348;21.625;23.26666641;19.48333359;1014;163;20;61.12363815;468;89;148;387;8.766666412;67.95865631;161.4212341;28.60000038;15.69999981;12.90000057;20.05000114;22.71666718;662;6692
241;-9.7525;-36.661111;23.80833435;25.5;21.54999924;744;133;15;69.96250916;378;58;109;314;9.033333778;68.43434143;166.7174225;30.60000038;17.39999962;13.20000076;22.23333359;24.71666718;270;4682
242;-5.662634233;-36.60098109;26.62916756;27.76666641;25.03333282;571;144;3;103.7933884;360;11;134;73;8.891666412;74.71989441;110.9966965;32.5;20.60000038;11.89999962;27.35000038;26.85000038;108;3071
243;-8.890278;-36.492778;20.19166756;21.68333435;18.26666641;892;138;20;54.75294876;370;78;94;260;7.916666985;65.42699432;147.7072296;26.5;14.39999962;12.10000038;18.83333397;21.28333282;878;6051
244;-8.3355555;-36.424167;21.85416603;23.36666679;19.60000038;649;122;11;67.67292786;311;44;117;177;9.091666222;68.87625885;158.7373047;28.89999962;15.69999981;13.19999981;22.33333397;22.11666679;614;4107
245;-8.185966314;-36.40146108;19.09583282;20.41666603;17.18333435;855;145;15;63.35007095;379;61;167;248;8.558333397;70.15027618;138.0786743;25.5;13.30000019;12.19999981;19.56666565;19.21666718;1061;5909
246;-8.24125;-36.385806;19.96249962;21.33333206;17.93333244;854;145;16;63.66415787;380;61;159;254;8.591667175;69.85095215;145.0097961;26.39999962;14.10000038;12.29999924;20.46666718;20.11666679;901;5900
247;-8.201384096;-36.38916947;18.98749924;20.35000038;17.04999924;893;146;16;61.78456497;384;67;170;272;8.458333015;69.90358734;140.8597717;25.29999924;13.19999981;12.09999943;19.46666718;19.08333397;1068;6314
248;-8.145833;-36.370833;21.76250076;23.18333435;19.60000038;602;127;10;74.12123871;306;39;222;133;9.174999237;70.57691193;150.1987457;28.70000076;15.69999981;13.00000095;22.25;22.01666641;644;3863
249;-7.83889;-36.36833;22.73749924;24.11666679;20.71666718;367;80;2;84.91004944;203;11;150;78;9.274999619;71.34615326;141.8405609;29.5;16.5;13;23.85000038;22.89999962;518;2251
250;-7.057222;-36.362778;22.89999962;24.20000076;21.03333282;448;118;2;103.8386765;287;10;95;77;9.233333588;72.70340729;132.0812378;29.5;16.79999924;12.70000076;23.93333244;22.98333359;523;2771
251;-8.427154;-36.197935;22.12083435;23.73333359;19.73333359;588;103;11;64.02840424;267;44;175;172;9.641667366;69.36450958;167.6096344;29.60000038;15.69999981;13.90000057;22.66666603;22.36666679;555;3769
252;-8.236389;-36.191944;20.95000076;22.41666603;18.79999924;677;117;13;62.56068802;301;49;218;194;8.966667175;69.50904846;151.4175568;27.79999924;14.89999962;12.89999962;21.41666603;21.16666603;752;4421
253;-7.748069315;-36.08537202;22.45833397;23.83333397;20.53333282;493;91;5;70.16549683;222;23;150;159;8.966666222;71.16401672;136.6620483;28.89999962;16.29999924;12.60000038;23.03333282;22.51666641;528;3101
254;-8.489722;-36.059444;22.57083321;24.14999962;20.29999924;711;113;14;63.29695892;298;54;169;256;9.391666412;70.08706665;160.7858124;29.79999924;16.39999962;13.39999962;20.86666679;23.53333282;440;4526
255;-8.35660459;-36.02890906;20.28750038;21.76666641;18.18333244;708;105;11;60.21845627;284;55;189;251;8.708333015;69.1137619;150.0624847;26.89999962;14.30000019;12.59999943;20.83333206;20.38333321;803;4877
256;-7.905389063;-36.02195457;20.30211621;21.76719599;18.30476167;836.968254;131.2380952;12.93650794;59.00083209;358.7142857;62.36507937;213.6666667;316.7142857;8.828042923;70.62433672;144.3594026;26.7380959;14.23809507;12.50000083;18.88809564;21.06746095;869.7619048;5647.619048
257;-8.663611;-36.005833;21.74166679;23.23333359;19.61666679;856;139;18;62.21430969;377;67;184;326;8.649999619;69.19999695;150.7079315;28.39999962;15.89999962;12.5;20.14999962;22.61666679;525;5462
258;-8.62444755;-35.98086561;22.26666641;23.78333282;20.14999962;898;146;18;61.98397446;395;69;187;350;8.766666412;69.028862;151.1972656;29.10000038;16.39999962;12.70000076;20.68333244;23.13333321;449;5606
259;-8.283330976;-35.97610428;21.92083359;23.43333435;19.86666679;613;101;8;65.42593384;270;42;170;201;9.308333397;71.0559845;147.3316956;28.89999962;15.80000019;13.09999943;22.45000076;22;546;3872
260;-8.197813;-35.966908;21.28333282;22.76666641;19.21666718;619;98;10;62.37369156;270;44;182;192;9.150000572;70.38462067;146.4943695;28.10000038;15.10000038;13;21.81666756;21.38333321;653;3940
261;-8.458056;-35.944722;22.44583321;24;20.28333282;809;135;14;63.21978378;352;57;180;310;9.208333015;69.76009369;154.6911621;29.60000038;16.39999962;13.20000076;20.86666679;23.29999924;435;5209
262;-8.20828;-35.95734;21.125;22.61666679;19.06666565;633;98;9;63.09705353;267;43;176;214;9.083333015;70.41343689;146.7140045;27.89999962;15;12.89999962;21.66666603;21.20000076;673;4173
263;-8.240011181;-35.92080692;21.65416718;23.16666603;19.60000038;629;99;9;63.12004089;266;45;172;213;9.058333397;70.21964264;146.9145966;28.5;15.60000038;12.89999962;22.21666718;21.70000076;569;4007
264;-7.061389;-35.925833;21.24583244;22.60000038;19.35000038;726;126;9;67.21602631;319;41;195;248;9.175000191;72.24410248;137.8315582;27.79999924;15.10000038;12.69999886;21.91666603;21.95000076;697;4734
265;-7.358333;-35.898333;22.57916641;23.93333244;20.71666718;689;119;11;65.97890472;301;43;182;235;8.825000763;71.1693573;137.1372681;29;16.60000038;12.39999962;23.26666641;23.25;526;4167
266;-7.218492572;-35.88183316;22.61249924;23.86666679;20.79999924;801;132;16;62.69509888;336;55;206;211;8.808333397;71.61247253;132.0489655;28.79999924;16.5;12.29999924;23.28333282;23.28333282;530;5124
267;-7.033056;-35.857222;21.79583359;23.16666603;19.85000038;872;147;16;61.06905746;373;62;238;283;9.241666794;72.20052338;141.2196655;28.39999962;15.60000038;12.79999924;22.46666718;22.53333282;591;5599
268;-8.233329773;-35.7969017;21.85833359;23.33333397;19.89999962;675;106;11;63.07202911;278;50;173;238;8.783333778;69.16010284;140.7097778;28.5;15.80000019;12.69999981;22.41666603;21.85000038;516;4309
269;-6.967038405;-35.79601987;21.66250038;23.06666565;19.70000076;991;159;20;59.47903824;414;72;267;329;9.175000191;71.6796875;142.5119476;28.29999924;15.5;12.79999924;22.33333206;22.39999962;586;6264
270;-8.146111;-35.7425;21.10000038;22.54999924;19.18333435;731;106;12;60.4558754;303;58;190;255;8.800000191;70.40000153;137.7579956;27.5;15;12.5;20.64999962;21.08333397;674;4743
271;-6.982187465;-35.74633777;21.67277154;23.08061946;19.76395381;1100.069767;162.8837209;22;58.16272389;440.0930233;80.44186047;279.1627907;391.8139535;8.869574258;70.79815674;138.572146;28.12790746;15.60000038;12.52790708;21.43061984;22.315891;549.6046512;7382.674419
272;-6.961242103;-35.75646718;21.4375;22.83333397;19.51666641;1081;164;22;58.35200119;438;79;283;373;8.991666794;71.36243439;139.823349;27.89999962;15.30000019;12.59999943;22.10000038;22.13333321;602;7158
273;-8.470278;-35.728611;22.04999924;23.48333359;20.14999962;1149;197;21;63.36504364;527;85;222;477;8.300000191;69.16666412;138.2520752;28.29999924;16.29999924;12;20.73333359;22.71666718;437;7357
274;-6.967439;-35.71581884;21.71071434;23.10476222;19.81190463;1193.285714;172.5714286;25.57142857;56.55101885;474.5714286;89.57142857;300.5714286;423.8571429;8.907143184;71.01360539;137.6375253;28.14285769;15.60000038;12.54285731;21.44523784;22.37142863;532.5714286;7914.428571
275;-6.963332465;-35.6916725;21.60416603;22.98333359;19.71666718;1264;181;27;56.205513;498;96;316;454;8.891666412;71.1333313;136.5226898;28;15.5;12.5;21.36666679;22.25;548;8369
276;-6.455479541;-35.67584385;24.15416718;25.46666718;22.33333397;643;128;7;73.48809052;315;32;111;180;9.725000381;74.23664093;129.0077209;30.89999962;17.79999924;13.10000038;24.61666679;24.89999962;266;3920
277;-7.038179709;-35.6282481;24.65972201;25.99444453;22.84444491;1054.5;157.1666667;20;59.33134715;433.5;72;268.8333333;384.3333333;9.300000032;72.65624364;130.3892593;31.21666717;18.41666635;12.80000082;23.42777729;25.27777767;131;6349
278;-7.171667;-35.583333;23.91250038;25.26666641;22;1007;152;19;60.40625;418;71;249;371;9.125;72.42063141;135.3131866;30.39999962;17.79999924;12.60000038;22.5;24.61666679;248;6337
279;-5.820375879;-35.55257436;25.63750076;26.79999924;24.04999924;1079;176;15;67.75983429;495;57;165;346;8.958333015;74.65277863;113.0793228;31.60000038;19.60000038;12;26.03333282;26.25;63;6553
